ID,FirstName,LastName,Gender,Email,Job
1,Lida,Marsh,Female,kivbovtis@zozowimog.pa,Commerce
2,Juan,Matthews,Female,uvmepur@ana.gw,Health
3,Jim,Estrada,Male,zidu@ki.io,Mining
4,Mittie,Ford,Female,adpowa@nivcon.kw,Mining
5,Dollie,Soto,Female,kusuza@umebut.bm,Health
6,Celia,Fisher,Male,dardum@ojoza.rs,Commerce
7,Allie,Jennings,Female,tavo@dobulof.la,Mining
8,Tom,Bailey,Male,rid@rufubapu.sa,Health
9,Curtis,Mendez,Female,ro@enoihovi.ir,Health
10,Francis,Roberts,Male,lashi@be.kn,Mining
11,Bernice,Simon,Male,bofev@deefa.ly,Transportation
12,Ivan,Logan,Female,mu@alcod.dz,Commerce
13,Lucas,Hicks,Male,ofnon@enosoboj.cr,Mining
14,Bettie,Mann,Male,lugsuh@pakhe.ba,Commerce
15,Douglas,Martinez,Male,kicosi@ro.ac,Mining
16,Mario,Price,Female,fa@jownu.la,Mining
17,Bernice,Flowers,Female,sogilnap@ivadove.mu,Commerce
18,Eugenia,Douglas,Male,vug@fejmil.yt,Health
19,Ryan,Willis,Female,firhuz@uji.co,Transportation
20,Jay,Park,Male,hedwe@makoeh.kp,Health
21,Ronnie,Phelps,Male,tocaohi@ju.rw,Transportation
22,David,Bowen,Female,etenafuz@si.lb,Transportation
23,Carolyn,Houston,Female,ciz@afuamoba.lk,Health
24,Birdie,Greene,Female,huzicu@duumujo.er,Commerce
25,Mamie,Frazier,Male,ri@nuzu.mt,Commerce
26,Jon,Brown,Male,pod@ri.th,Mining
27,Mollie,Miller,Male,genus@nijime.ps,Commerce
28,Edna,Oliver,Female,ruwwus@uri.fj,Transportation
29,Evan,Collins,Female,ugselsaf@guinoako.bt,Health
30,Wesley,Hodges,Female,ibfanbuw@si.rs,Mining
31,Eleanor,Arnold,Female,jophidun@pone.pg,Health
32,Terry,Delgado,Female,leema@nif.tk,Mining
33,Grace,Fox,Female,hewonhif@vupefjet.iq,Mining
34,Hannah,Higgins,Female,ono@begle.mt,Mining
35,Ella,Holland,Female,cumebgi@jov.kg,Transportation
36,Clara,Banks,Female,lesulpi@mo.gl,Transportation
37,Allie,Graham,Male,kuzvilse@ma.ls,Mining
38,Nannie,Townsend,Female,nolfe@wehcur.na,Mining
39,Essie,Wilkins,Male,ti@uhpasebe.bf,Mining
40,Edna,Lucas,Female,hebipej@med.gg,Commerce
41,Tommy,Allen,Female,zo@dani.af,Transportation
42,Lola,Christensen,Male,vomev@bakubod.tc,Commerce
43,Lucile,Dennis,Female,basmute@kew.mc,Commerce
44,Devin,Norton,Male,koozunus@umemupe.mk,Health
45,Jerome,Sanchez,Male,afiwuzon@so.by,Health
46,Terry,Gill,Male,pop@li.tr,Transportation
47,Ora,Houston,Female,jeducgo@nu.org,Transportation
48,Todd,Malone,Male,cag@na.gn,Health
49,Nora,Graves,Female,uvharop@wu.mz,Mining
50,Dale,Thornton,Male,hizi@ja.ck,Mining
